{"color":{"r":0.4431372549019608,"b":0.06666666666666667,"g":0.1176470588235294,"a":1},"secondaryIndex":10,"name":"$red-900","category":"Colors","index":3}