{"color":{"r":0.9921568627450981,"b":0.3098039215686275,"g":0.7058823529411764,"a":1},"index":4,"parentId":"02A268C8-2E98-4C39-9C87-1D68401A8EEC","name":"$orange-300","version":1}