{"color":{"r":0.9568627450980391,"b":0.7372549019607844,"g":0.7686274509803921,"a":1},"secondaryIndex":2,"name":"$red-100","category":"Colors","index":3}