{"color":{"r":0.6509803921568628,"b":0.9333333333333333,"g":0.5568627450980392,"a":1},"index":4,"parentId":"16649536-A23E-4092-9B38-C918C6BBE2B0","name":"$purple-300","version":1}