{"color":{"r":0.9882352941176471,"b":0.1490196078431373,"g":0.6392156862745098,"a":1},"secondaryIndex":2,"name":"logo-yellow","category":"Colors","index":6}