{"version":1,"color":{"r":0.2549019607843137,"b":0.8470588235294118,"g":0.5490196078431372,"a":1},"parentId":"DD6CEE0A-D55B-4EF4-A490-8B70C34C255C","name":"$blue-400","index":5}