{"color":{"r":0.9568627450980391,"b":0.7372549019607844,"g":0.7686274509803921,"a":1},"index":2,"parentId":"7087CD33-20C9-49FD-870D-E9F0830168F2","name":"$red-100","version":1}