{"version":1,"color":{"r":0.5607843137254902,"b":0.9098039215686274,"g":0.7372549019607844,"a":1},"parentId":"DD6CEE0A-D55B-4EF4-A490-8B70C34C255C","name":"$blue-200","index":3}