{"color":{"r":0.5607843137254902,"b":0.9098039215686274,"g":0.7372549019607844,"a":1},"secondaryIndex":3,"name":"$blue-200","category":"Colors","index":1}