{"color":{"r":0.05490196078431376,"b":0.1764705882352941,"g":0.3529411764705882,"a":1},"secondaryIndex":9,"name":"$green-800","category":"Colors","index":2}