{"color":{"r":0.05490196078431376,"b":0.1764705882352941,"g":0.3529411764705882,"a":1},"index":9,"parentId":"806A1CCE-0A93-4BC6-BC85-AC16D8EC67E8","name":"$green-800","version":1}