{"color":{"r":0.8941176470588235,"b":0.9215686274509803,"g":0.9607843137254902,"a":1},"secondaryIndex":1,"name":"$green-50","category":"Colors","index":2}