{"color":{"r":0.7529411764705882,"b":0.1137254901960785,"g":0.2039215686274509,"a":1},"index":7,"parentId":"7087CD33-20C9-49FD-870D-E9F0830168F2","name":"$red-600","version":1}