{"color":{"r":0.9647058823529412,"b":0.9921568627450981,"g":0.9803921568627451,"a":1},"secondaryIndex":1,"name":"$blue-25","category":"Colors","index":1}