{"color":{"r":0.996078431372549,"b":0.7019607843137253,"g":0.8745098039215686,"a":1},"secondaryIndex":2,"name":"$orange-100","category":"Colors","index":4}