{"color":{"r":0.6509803921568628,"b":0.09803921568627451,"g":0.1764705882352941,"a":1},"secondaryIndex":8,"name":"$red-700","category":"Colors","index":3}