{"color":{"r":0.9294117647058824,"b":0.5647058823529411,"g":0.615686274509804,"a":1},"index":3,"parentId":"7087CD33-20C9-49FD-870D-E9F0830168F2","name":"$red-200","version":1}