{"version":1,"color":{"r":0.8941176470588235,"b":0.9764705882352941,"g":0.9372549019607843,"a":1},"parentId":"DD6CEE0A-D55B-4EF4-A490-8B70C34C255C","name":"$blue-50","index":1}