{"color":{"r":0.0705882352941177,"b":0.2274509803921569,"g":0.4588235294117647,"a":1},"secondaryIndex":8,"name":"$green-700","category":"Colors","index":2}