{"color":{"r":0.5764705882352942,"b":0.9215686274509803,"g":0.4588235294117647,"a":1},"secondaryIndex":5,"name":"$purple-400","category":"Colors","index":5}