{"color":{"r":0.8588235294117647,"b":0.1294117647058823,"g":0.2313725490196078,"a":1},"index":6,"parentId":"7087CD33-20C9-49FD-870D-E9F0830168F2","name":"$red-500","version":1}