{"color":{"r":0.8588235294117647,"b":0.1294117647058823,"g":0.2313725490196078,"a":1},"secondaryIndex":6,"name":"$red-500","category":"Colors","index":3}