{"color":{"r":0.8941176470588235,"b":0.9764705882352941,"g":0.9372549019607843,"a":1},"secondaryIndex":0,"name":"$blue-50","category":"Colors","index":1}