{"color":{"r":1,"b":0.9725490196078431,"g":0.9882352941176471,"a":1},"index":0,"parentId":"02A268C8-2E98-4C39-9C87-1D68401A8EEC","name":"$orange-25","version":1}