{"color":{"r":1,"b":0.9725490196078431,"g":0.9882352941176471,"a":1},"secondaryIndex":0,"name":"$orange-25","category":"Colors","index":4}