{"color":{"r":0.9647058823529412,"b":0.9725490196078431,"g":0.9882352941176471,"a":1},"secondaryIndex":0,"name":"$green-25","category":"Colors","index":2}