{"color":{"r":0.5529411764705883,"b":0.6666666666666666,"g":0.8352941176470589,"a":1},"secondaryIndex":3,"name":"$green-200","category":"Colors","index":2}