{"color":{"r":0.07450980392156864,"b":0.5058823529411764,"g":0.2901960784313726,"a":1},"secondaryIndex":9,"name":"$blue-800","category":"Colors","index":1}