{"color":{"r":0.996078431372549,"b":0.7019607843137253,"g":0.8745098039215686,"a":1},"index":2,"parentId":"02A268C8-2E98-4C39-9C87-1D68401A8EEC","name":"$orange-100","version":1}