{"version":1,"color":{"r":0.09019607843137258,"b":0.611764705882353,"g":0.3490196078431371,"a":1},"parentId":"DD6CEE0A-D55B-4EF4-A490-8B70C34C255C","name":"$blue-700","index":8}