{"color":{"r":0.5764705882352942,"b":0.9215686274509803,"g":0.4588235294117647,"a":1},"index":5,"parentId":"16649536-A23E-4092-9B38-C918C6BBE2B0","name":"$purple-400","version":1}