{"color":{"r":0.09019607843137258,"b":0.611764705882353,"g":0.3490196078431371,"a":1},"secondaryIndex":8,"name":"$blue-700","category":"Colors","index":1}