{"color":{"r":0.9411764705882353,"b":0.9882352941176471,"g":0.9254901960784314,"a":1},"secondaryIndex":1,"name":"$purple-50","category":"Colors","index":5}