{"color":{"r":0.384313725490196,"b":0.8745098039215686,"g":0.6313725490196078,"a":1},"secondaryIndex":4,"name":"$blue-300","category":"Colors","index":1}