{"color":{"r":0.2549019607843137,"b":0.8470588235294118,"g":0.5490196078431372,"a":1},"secondaryIndex":5,"name":"$blue-400","category":"Colors","index":1}