{"color":{"r":0.9607843137254902,"b":0.9607843137254902,"g":0.9607843137254902,"a":1},"index":4,"parentId":"91C22EDB-90E3-4851-A228-D29780F1F531","name":"$gray-normal","version":1}