{"color":{"r":0.8509803921568627,"b":0.9725490196078431,"g":0.807843137254902,"a":1},"secondaryIndex":2,"name":"$purple-100","category":"Colors","index":5}