{"color":{"r":0.8509803921568627,"b":0.9725490196078431,"g":0.807843137254902,"a":1},"index":2,"parentId":"16649536-A23E-4092-9B38-C918C6BBE2B0","name":"$purple-100","version":1}