{"color":{"r":0.984313725490196,"b":0.8941176470588235,"g":0.9058823529411765,"a":1},"secondaryIndex":1,"name":"$red-50","category":"Colors","index":3}