{"color":{"r":0.05882352941176472,"b":0.4,"g":0.2313725490196078,"a":1},"secondaryIndex":10,"name":"$blue-900","category":"Colors","index":1}