{"color":{"r":0.3725490196078431,"b":0.5333333333333333,"g":0.7686274509803921,"a":1},"index":4,"parentId":"806A1CCE-0A93-4BC6-BC85-AC16D8EC67E8","name":"$green-300","version":1}