{"color":{"r":0.9607843137254902,"b":0.9607843137254902,"g":0.9607843137254902,"a":1},"secondaryIndex":4,"name":"$gray-normal","category":"Colors","index":0}