{"color":{"r":0.1019607843137255,"b":0.3333333333333334,"g":0.6666666666666666,"a":1},"secondaryIndex":6,"name":"$green-500","category":"Colors","index":2}