{"color":{"r":0.1019607843137255,"b":0.3333333333333334,"g":0.6666666666666666,"a":1},"index":6,"parentId":"806A1CCE-0A93-4BC6-BC85-AC16D8EC67E8","name":"$green-500","version":1}