{"color":{"r":0.9647058823529412,"b":0.9725490196078431,"g":0.9882352941176471,"a":1},"index":0,"parentId":"806A1CCE-0A93-4BC6-BC85-AC16D8EC67E8","name":"$green-25","version":1}