{"color":{"r":0.9803921568627451,"b":0.9803921568627451,"g":0.9803921568627451,"a":1},"secondaryIndex":3,"name":"$gray-light","category":"Colors","index":0}