{"color":{"r":0.3607843137254902,"b":0.6823529411764706,"g":0.207843137254902,"a":1},"secondaryIndex":8,"name":"$purple-700","category":"Colors","index":5}