{"color":{"r":0.9882352941176471,"b":0.1607843137254902,"g":0.6431372549019607,"a":1},"secondaryIndex":5,"name":"$orange-400","category":"Colors","index":4}