{"color":{"r":0.996078431372549,"b":0.5058823529411764,"g":0.792156862745098,"a":1},"secondaryIndex":3,"name":"$orange-200","category":"Colors","index":4}