{"color":{"r":0.9803921568627451,"b":0.996078431372549,"g":0.9764705882352941,"a":1},"secondaryIndex":0,"name":"$purple-25","category":"Colors","index":5}