{"color":{"r":0.4313725490196078,"b":0.796078431372549,"g":0.2862745098039216,"a":1},"index":7,"parentId":"16649536-A23E-4092-9B38-C918C6BBE2B0","name":"$purple-600","version":1}