{"color":{"r":0.4313725490196078,"b":0.796078431372549,"g":0.2862745098039216,"a":1},"secondaryIndex":7,"name":"$purple-600","category":"Colors","index":5}