{"color":{"r":1,"b":0.8823529411764706,"g":0.9490196078431372,"a":1},"secondaryIndex":1,"name":"$orange-50","category":"Colors","index":4}