{"color":{"r":0.9294117647058824,"b":0.5647058823529411,"g":0.615686274509804,"a":1},"secondaryIndex":3,"name":"$red-200","category":"Colors","index":3}