{"color":{"r":0.9921568627450981,"b":0.3098039215686275,"g":0.7058823529411764,"a":1},"secondaryIndex":4,"name":"$orange-300","category":"Colors","index":4}