{"color":{"r":0.08627450980392157,"b":0.2823529411764706,"g":0.5607843137254902,"a":1},"secondaryIndex":7,"name":"$green-600","category":"Colors","index":2}