{"color":{"r":0.9882352941176471,"b":0.1490196078431373,"g":0.4274509803921568,"a":1},"secondaryIndex":1,"name":"logo-orange","category":"Colors","index":6}