{"color":{"r":0.6509803921568628,"b":0.9333333333333333,"g":0.5568627450980392,"a":1},"secondaryIndex":4,"name":"$purple-300","category":"Colors","index":5}