{"color":{"r":0.7529411764705883,"b":0.9529411764705882,"g":0.6823529411764706,"a":1},"secondaryIndex":3,"name":"$purple-200","category":"Colors","index":5}