{"color":{"r":0.5450980392156862,"b":0.08235294117647056,"g":0.1490196078431372,"a":1},"secondaryIndex":9,"name":"$red-800","category":"Colors","index":3}