{"color":{"r":0.5450980392156862,"b":0.08235294117647056,"g":0.1490196078431372,"a":1},"index":9,"parentId":"7087CD33-20C9-49FD-870D-E9F0830168F2","name":"$red-800","version":1}