{"color":{"r":0.2196078431372548,"b":0.4588235294117647,"g":0.05098039215686272,"a":1},"index":10,"parentId":"16649536-A23E-4092-9B38-C918C6BBE2B0","name":"$purple-900","version":1}