{"color":{"r":0.7294117647058823,"b":0.8,"g":0.9019607843137255,"a":1},"secondaryIndex":2,"name":"$green-100","category":"Colors","index":2}