{"color":{"r":0.0392156862745098,"b":0.1254901960784314,"g":0.2509803921568627,"a":1},"index":10,"parentId":"806A1CCE-0A93-4BC6-BC85-AC16D8EC67E8","name":"$green-900","version":1}