{"color":{"r":0.0392156862745098,"b":0.1254901960784314,"g":0.2509803921568627,"a":1},"secondaryIndex":10,"name":"$green-900","category":"Colors","index":2}