{"color":{"r":0.5019607843137254,"b":0.9058823529411765,"g":0.3647058823529411,"a":1},"secondaryIndex":6,"name":"$purple-500","category":"Colors","index":5}