{"color":{"r":0.5019607843137254,"b":0.9058823529411765,"g":0.3647058823529411,"a":1},"index":6,"parentId":"16649536-A23E-4092-9B38-C918C6BBE2B0","name":"$purple-500","version":1}