{"color":{"r":0.6509803921568628,"b":0.09803921568627451,"g":0.1764705882352941,"a":1},"index":8,"parentId":"7087CD33-20C9-49FD-870D-E9F0830168F2","name":"$red-700","version":1}