{"color":{"r":0.7529411764705882,"b":0.1137254901960785,"g":0.2039215686274509,"a":1},"secondaryIndex":7,"name":"$red-600","category":"Colors","index":3}