{"color":{"r":0.9882352941176471,"b":0.1490196078431373,"g":0.4274509803921568,"a":1},"index":1,"parentId":"1EAACE00-2552-41F3-8905-EAF5F4DA1923","name":"logo-orange","version":1}