{"color":{"r":0.984313725490196,"b":0.8941176470588235,"g":0.9058823529411765,"a":1},"index":1,"parentId":"7087CD33-20C9-49FD-870D-E9F0830168F2","name":"$red-50","version":1}