{"color":{"r":0.3725490196078431,"b":0.5333333333333333,"g":0.7686274509803921,"a":1},"secondaryIndex":4,"name":"$green-300","category":"Colors","index":2}