{"color":{"r":0.2196078431372548,"b":0.4588235294117647,"g":0.05098039215686272,"a":1},"secondaryIndex":10,"name":"$purple-900","category":"Colors","index":5}