{"color":{"r":0.7294117647058823,"b":0.8,"g":0.9019607843137255,"a":1},"index":2,"parentId":"806A1CCE-0A93-4BC6-BC85-AC16D8EC67E8","name":"$green-100","version":1}