{"color":{"r":0.4431372549019608,"b":0.06666666666666667,"g":0.1176470588235294,"a":1},"index":10,"parentId":"7087CD33-20C9-49FD-870D-E9F0830168F2","name":"$red-900","version":1}