{"color":{"r":0.8862745098039215,"b":0.1607843137254902,"g":0.2627450980392157,"a":1},"secondaryIndex":0,"name":"logo-red","category":"Colors","index":6}