{"color":{"r":0.9803921568627451,"b":0.9803921568627451,"g":0.9803921568627451,"a":1},"index":3,"parentId":"91C22EDB-90E3-4851-A228-D29780F1F531","name":"$gray-light","version":1}