{"color":{"r":0.2352941176470588,"b":0.4352941176470588,"g":0.7176470588235294,"a":1},"secondaryIndex":5,"name":"$green-400","category":"Colors","index":2}