{"color":{"r":0.8980392156862745,"b":0.8980392156862745,"g":0.8980392156862745,"a":1},"secondaryIndex":2,"name":"$border-color","category":"Colors","index":0}