{"color":{"r":0.9882352941176471,"b":0.0117647058823529,"g":0.580392156862745,"a":1},"secondaryIndex":6,"name":"$orange-500","category":"Colors","index":4}