{"color":{"r":0.8784313725490196,"b":0.2588235294117647,"g":0.3450980392156863,"a":1},"secondaryIndex":5,"name":"$red-400","category":"Colors","index":3}