{"color":{"r":0.2901960784313725,"b":0.5725490196078431,"g":0.1294117647058824,"a":1},"secondaryIndex":9,"name":"$purple-800","category":"Colors","index":5}