{"color":{"r":0.996078431372549,"b":0.9647058823529412,"g":0.9686274509803922,"a":1},"index":0,"parentId":"7087CD33-20C9-49FD-870D-E9F0830168F2","name":"$red-25","version":1}