{"color":{"r":0.996078431372549,"b":0.9647058823529412,"g":0.9686274509803922,"a":1},"secondaryIndex":0,"name":"$red-25","category":"Colors","index":3}