{"index":0,"textStyle":{"fontSize":20,"lineHeight":25,"fontPostscriptName":"HelveticaNeue-Medium","color":{"r":0.2666666666666667,"b":0.2666666666666667,"g":0.2666666666666667,"a":1}},"category":"Text Styles","name":"Aa Zz"}