{"version":1,"color":{"r":0.1215686274509804,"b":0.8196078431372549,"g":0.4705882352941176,"a":1},"parentId":"DD6CEE0A-D55B-4EF4-A490-8B70C34C255C","name":"$blue-500","index":6}