{"color":{"r":0.1215686274509804,"b":0.8196078431372549,"g":0.4705882352941176,"a":1},"secondaryIndex":6,"name":"$blue-500","category":"Colors","index":1}