{"color":{"r":0.7372549019607844,"b":0.9450980392156862,"g":0.8431372549019608,"a":1},"secondaryIndex":2,"name":"$blue-100","category":"Colors","index":1}