{"color":{"r":0.9333333333333333,"b":0.9333333333333333,"g":0.9333333333333333,"a":1},"secondaryIndex":5,"name":"$gray-dark","category":"Colors","index":0}