{"color":{"r":0.9333333333333333,"b":0.9333333333333333,"g":0.9333333333333333,"a":1},"index":5,"parentId":"91C22EDB-90E3-4851-A228-D29780F1F531","name":"$gray-dark","version":1}