{"color":{"r":0.1058823529411764,"b":0.7137254901960784,"g":0.4117647058823531,"a":1},"secondaryIndex":7,"name":"$blue-600","category":"Colors","index":1}