{"version":1,"color":{"r":0.1058823529411764,"b":0.7137254901960784,"g":0.4117647058823531,"a":1},"parentId":"DD6CEE0A-D55B-4EF4-A490-8B70C34C255C","name":"$blue-600","index":7}