{"color":{"r":0.9019607843137255,"b":0.3921568627450981,"g":0.4627450980392157,"a":1},"secondaryIndex":4,"name":"$red-300","category":"Colors","index":3}