{"color":{"r":0.9019607843137255,"b":0.3921568627450981,"g":0.4627450980392157,"a":1},"index":4,"parentId":"7087CD33-20C9-49FD-870D-E9F0830168F2","name":"$red-300","version":1}